{"cameraMode":{"drawMode":0,"name":"Shaded","section":"Shading Mode"},"sceneLighting":true,"audioPlay":false,"sceneViewState":{"m_AlwaysRefresh":false,"showFog":true,"showSkybox":true,"showFlares":true,"showImageEffects":true,"showParticleSystems":true,"showVisualEffectGraphs":true,"m_FxEnabled":true},"in2DMode":false,"pivot":{"x":-0.5175408720970154,"y":4.7480974197387699,"z":-13.623588562011719},"rotation":{"x":-0.1955123096704483,"y":0.01676545850932598,"z":-0.0033421132247895004,"w":-0.980553925037384},"size":2.462054967880249,"orthographic":false}